{"cameraMode":{"drawMode":0,"name":"Shaded","section":"Shading Mode"},"sceneLighting":false,"audioPlay":false,"sceneViewState":{"showFog":true,"showMaterialUpdate":false,"showSkybox":true,"showFlares":true,"showImageEffects":true,"showParticleSystems":true},"in2DMode":false,"pivot":{"x":301.6000061035156,"y":51.29999923706055,"z":200.5},"rotation":{"x":-0.6058269739151001,"y":-0.12341205775737763,"z":0.09584645181894303,"w":-0.7801003456115723},"size":42.86825942993164,"orthographic":false}