{"cameraMode":{"drawMode":0,"name":"Shaded","section":"Shading Mode"},"sceneLighting":false,"audioPlay":false,"sceneViewState":{"showFog":true,"showMaterialUpdate":false,"showSkybox":true,"showFlares":true,"showImageEffects":true,"showParticleSystems":true},"in2DMode":false,"pivot":{"x":302.427978515625,"y":4.822965621948242,"z":223.11856079101563},"rotation":{"x":-0.030066048726439477,"y":-0.1250178962945938,"z":0.003790666814893484,"w":-0.9916915893554688},"size":221.9380340576172,"orthographic":false}